"","GOCCID","Pvalue","OddsRatio","ExpCount","Count","Size","Term"
"1","GO:0044464",0.00443553140571001,0.0860301383399209,5.31961471103327,1,2025,"cell part"
"2","GO:0005623",0.00443553140571001,0.0860301383399209,5.31961471103327,1,2025,"cell"
"3","GO:0005622",0.0054682930560486,0.0902847782258065,5.21453590192645,1,1985,"intracellular"
"4","GO:0044424",0.0105853033446188,0.106003244997296,4.85989492119089,1,1850,"intracellular part"
"5","GO:0043227",0.0359715409085952,0,2.77670753064799,0,1057,"membrane-bounded organelle"
"6","GO:0043231",0.0359715409085952,0,2.77670753064799,0,1057,"intracellular membrane-bounded organelle"
