"","GOCCID","Pvalue","OddsRatio","ExpCount","Count","Size","Term"
"1","GO:0016020",0.00998609107616176,1.82038812991948,30.9554140127389,41,1620,"membrane"
