"","GOMFID","Pvalue","OddsRatio","ExpCount","Count","Size","Term"
"1","GO:0003735",3.33296124851578e-15,3.43687449032545,30.5823834196891,76,217,"structural constituent of ribosome"
"2","GO:0005198",5.75784559773417e-12,2.81142711120464,35.3740932642487,77,251,"structural molecule activity"
"3","GO:0003723",5.09898863471165e-05,1.83309079405251,39.7430051813472,64,282,"RNA binding"
"4","GO:0004386",7.47803132470449e-05,3.01630615640599,9.44248704663212,22,67,"helicase activity"
"5","GO:0016853",0.000111485181367118,2.20822082208221,19.3077720207254,36,137,"isomerase activity"
"6","GO:0016874",0.00227577592522904,1.67475282133227,30.4414507772021,46,216,"ligase activity"
"7","GO:0016887",0.0147164302239928,1.54068296795953,26.7772020725389,38,190,"ATPase activity"
"8","GO:0016779",0.0356060827588102,1.53571428571429,19.0259067357513,27,135,"nucleotidyltransferase activity"
"9","GO:0019843",0.0367369495531421,3.39622641509434,1.97305699481865,5,14,"rRNA binding"
