"","GOCCID","Pvalue","OddsRatio","ExpCount","Count","Size","Term"
"1","GO:0005634",0.0479419688916997,1.22136238586305,102.471614511216,117,779,"nucleus"
