"","GOMFID","Pvalue","OddsRatio","ExpCount","Count","Size","Term"
"1","GO:0016779",4.04725252913518e-05,2.31924198250729,19.1813471502591,37,135,"nucleotidyltransferase activity"
"2","GO:0051082",0.000298478750176704,3.51407206411308,5.82544617156016,15,41,"unfolded protein binding"
"3","GO:0003723",0.00785200074613077,1.48457028841735,40.0677029360967,55,282,"RNA binding"
"4","GO:1901363",0.0159648102588099,1.22034761186721,148.477835348302,172,1045,"heterocyclic compound binding"
"5","GO:0097159",0.0159648102588099,1.22034761186721,148.477835348302,172,1045,"organic cyclic compound binding"
"6","GO:0003676",0.0159648102588099,1.22034761186721,148.477835348302,172,1045,"nucleic acid binding"
"7","GO:0003924",0.0293429251633299,1.60114927517304,17.0500863557858,25,120,"GTPase activity"
"8","GO:0022892",0.0296194469004163,2.55241693139864,3.83626943005181,8,27,"substrate-specific transporter activity"
"9","GO:0008565",0.0296194469004163,2.55241693139864,3.83626943005181,8,27,"protein transporter activity"
