"","GOBPID","Pvalue","OddsRatio","ExpCount","Count","Size","Term"
"1","GO:0006979",0.00010144511089832,4.25997091815538,4.05273660205245,13,42,"response to oxidative stress"
"2","GO:0005975",0.00225435045499504,1.4690907230603,58.0892246294185,79,602,"carbohydrate metabolic process"
"3","GO:0006793",0.00759503927592768,1.55043676238268,30.4920182440137,44,316,"phosphorus metabolic process"
"4","GO:0006796",0.00759503927592768,1.55043676238268,30.4920182440137,44,316,"phosphate-containing compound metabolic process"
"5","GO:0016310",0.008930499911711,1.58667678072315,25.7638255416192,38,267,"phosphorylation"
"6","GO:0006468",0.008930499911711,1.58667678072315,25.7638255416192,38,267,"protein phosphorylation"
"7","GO:0023052",0.0095584135245079,1.59970975583209,24.2199258836944,36,251,"signaling"
"8","GO:0055085",0.0182832114712875,1.27800141150639,87.8092930444698,106,910,"transmembrane transport"
