"","GOMFID","Pvalue","OddsRatio","ExpCount","Count","Size","Term"
"1","GO:1901363",0.00175752654744133,0.270516308007218,13.3557858376511,4,1045,"heterocyclic compound binding"
"2","GO:0097159",0.00175752654744133,0.270516308007218,13.3557858376511,4,1045,"organic cyclic compound binding"
"3","GO:0003676",0.00175752654744133,0.270516308007218,13.3557858376511,4,1045,"nucleic acid binding"
"4","GO:0003677",0.00912700110244342,0.283958696916812,9.80276338514681,3,767,"DNA binding"
"5","GO:0001071",0.0219102772494979,0,3.73195164075993,0,292,"nucleic acid binding transcription factor activity"
"6","GO:0005488",0.037119413782448,0.681194250589268,43.5309153713299,34,3406,"binding"
