"","GOMFID","Pvalue","OddsRatio","ExpCount","Count","Size","Term"
"1","GO:0005515",0.00049503189743482,0.152223770228271,11.1230538576865,2,1507,"protein binding"
"2","GO:0005488",0.00130616775939888,0.451129656014655,36.4396263406758,24,4937,"binding"
"3","GO:0008270",0.0250517930530752,0.172567049808429,5.35855149348403,1,726,"zinc ion binding"
"4","GO:0003676",0.0267594695143344,0.374039938556068,9.63948794833353,4,1306,"nucleic acid binding"
"5","GO:0097159",0.0363372447817162,0.560083617399411,19.9654019144274,13,2705,"organic cyclic compound binding"
"6","GO:1901363",0.0363372447817162,0.560083617399411,19.9654019144274,13,2705,"heterocyclic compound binding"
