"","GOBPID","Pvalue","OddsRatio","ExpCount","Count","Size","Term"
"1","GO:0006259",0.0201712883300108,0.369079881275003,10.3138183383556,4,291,"DNA metabolic process"
"2","GO:0016043",0.0309652799965014,0.461594132973077,12.4049361457885,6,350,"cellular component organization"
"3","GO:0051716",0.0336544271083905,0.532124957606361,16.126416989525,9,455,"cellular response to stimulus"
"4","GO:0022607",0.0380427769023716,0,3.18984072320276,0,90,"cellular component assembly"
"5","GO:1901657",0.0440323511132292,0,3.04807002439374,0,86,"glycosyl compound metabolic process"
"6","GO:0009116",0.0473704615025109,0,2.97718467498924,0,84,"nucleoside metabolic process"
