"","GOCCID","Pvalue","OddsRatio","ExpCount","Count","Size","Term"
"1","GO:0016020",0.000277487209935586,4.5546516478932,12.5616172805317,22,1620,"membrane"
