"","GOMFID","Pvalue","OddsRatio","ExpCount","Count","Size","Term"
"1","GO:0003723",0.000262301362084169,6.45619834710744,1.29879101899827,7,282,"RNA binding"
"2","GO:0016853",0.00348737620334083,7.11111111111111,0.630972941853771,4,137,"isomerase activity"
"3","GO:1901363",0.0445750236690695,2.1323016564952,4.81289579735176,9,1045,"heterocyclic compound binding"
"4","GO:0097159",0.0445750236690695,2.1323016564952,4.81289579735176,9,1045,"organic cyclic compound binding"
"5","GO:0003676",0.0445750236690695,2.1323016564952,4.81289579735176,9,1045,"nucleic acid binding"
