"","GOCCID","Pvalue","OddsRatio","ExpCount","Count","Size","Term"
"1","GO:0016020",0.00448161469304586,3.50852568101476,10.3184713375796,17,1620,"membrane"
