"","GOMFID","Pvalue","OddsRatio","ExpCount","Count","Size","Term"
"1","GO:0003824",0.00572570580413413,0.384603527224917,18.8145077720207,11,4806,"catalytic activity"
"2","GO:0016740",0.0330782818951195,0.178582639140408,4.91698330454807,1,1256,"transferase activity"
