"","GOCCID","Pvalue","OddsRatio","ExpCount","Count","Size","Term"
"1","GO:0016020",0.00742994667874817,2.75277777777778,13.0102464691221,20,1620,"membrane"
