"","GOCCID","Pvalue","OddsRatio","ExpCount","Count","Size","Term"
"1","GO:0016020",0.00712432858978775,1.95795454545455,30.9115586690018,41,1681,"membrane"
"2","GO:0016459",0.0136199120963788,13.75,0.183887915936953,2,10,"myosin complex"
"3","GO:0030131",0.026272803327268,9.15573770491803,0.257443082311734,2,14,"clathrin adaptor complex"
"4","GO:0000221",0.0364447057921176,54.2258064516129,0.0367775831873905,1,2,"vacuolar proton-transporting V-type ATPase, V1 domain"
"5","GO:0030118",0.0379057130778697,7.31803278688525,0.31260945709282,2,17,"clathrin coat"
"6","GO:0030119",0.0421474729893682,6.85860655737705,0.330998248686515,2,18,"AP-type membrane coat adaptor complex"
"7","GO:0015629",0.0434213223826822,4.15375,0.790718038528897,3,43,"actin cytoskeleton"
