"","GOBPID","Pvalue","OddsRatio","ExpCount","Count","Size","Term"
"1","GO:0008152",0.00149017147387114,0.228031933356473,11.9248859749145,4,2885,"metabolic process"
"2","GO:0044237",0.00241102487684544,0.168454302474921,8.82896237172178,2,2136,"cellular metabolic process"
"3","GO:0071704",0.0025518166313523,0.244018792916516,11.453677309008,4,2771,"organic substance metabolic process"
"4","GO:0044238",0.00283623242756586,0.247405247813411,11.3586088939567,4,2748,"primary metabolic process"
"5","GO:0043170",0.0319382713788502,0.264197530864198,6.33238312428734,2,1532,"macromolecule metabolic process"
"6","GO:0019538",0.0327002257006134,0,3.21992588369441,0,779,"protein metabolic process"
"7","GO:0044260",0.0331845743580857,0.266423001949318,6.29104903078677,2,1522,"cellular macromolecule metabolic process"
"8","GO:0044267",0.0342588860927734,0,3.17859179019384,0,769,"cellular protein metabolic process"
"9","GO:0044710",0.0344460017029703,0.178295760842931,4.82368871151653,1,1167,"single-organism metabolic process"
