"","GOBPID","Pvalue","OddsRatio","ExpCount","Count","Size","Term"
"1","GO:0005975",0.00136436706841236,1.91153293068737,18.4478335233751,32,602,"carbohydrate metabolic process"
"2","GO:0007031",0.00406303769590069,7.14375987361769,0.674173318129989,4,22,"peroxisome organization"
"3","GO:0048285",0.0177322785897966,12.762441314554,0.214509692132269,2,7,"organelle fission"
"4","GO:0050896",0.0344860303705933,1.80268617387371,8.18201254275941,14,267,"response to stimulus"
